onsCode,constituencyName,label,hexCol,hexRow,region,NUTS1,electorate,population
E14000530,Aldershot,Ald,-3,-11,SE,UKJ,72430,106193
E14000531,Aldridge-Brownhills,Abh,-3,-1,WM,UKG,60215,77532
E14000532,Altrincham and Sale West,Alt,-7,3,NW,UKD,71511,101457
E14000533,Amber Valley,AmV,0,2,EM,UKF,69510,90132
E14000534,Arundel and South Downs,Aru,0,-15,SE,UKJ,77242,100501
E14000535,Ashfield,Ash,1,2,EM,UKF,77091,106495
E14000536,Ashford,Ash,12,-13,SE,UKJ,85177,122178
E14000537,Ashton-under-Lyne,Ash,-5,6,NW,UKD,68343,92289
E14000538,Aylesbury,Ayl,2,-6,SE,UKJ,80315,121812
E14000539,Banbury,Ban,1,-5,SE,UKJ,86420,122939
E14000540,Barking,Brk,8,-9,LO,UKI,73977,139764
E14000541,Barnsley Central,BaC,-2,6,YH,UKE,64534,90319
E14000542,Barnsley East,BaE,-1,6,YH,UKE,69135,94604
E14000543,Barrow and Furness,Bar,-5,13,NW,UKD,68338,86806
E14000544,Basildon and Billericay,Bas,8,-5,EA,UKH,66347,95530
E14000545,Basingstoke,Bas,-3,-10,SE,UKJ,79665,115046
E14000546,Bassetlaw,Bas,2,4,EM,UKF,76796,106994
E14000547,Bath,Bth,-6,-9,SW,UKK,63084,95024
E14000548,Batley and Spen,BSp,-1,8,YH,UKE,78373,111539
E14000549,Battersea,Bat,4,-12,LO,UKI,76111,115715
E14000550,Beaconsfield,Bea,-1,-8,SE,UKJ,74726,102421
E14000551,Beckenham,Bec,7,-14,LO,UKI,67439,92767
E14000552,Bedford,Bed,4,-3,EA,UKH,69311,106341
E14000553,Bermondsey and Old Southwark,Ber,5,-11,LO,UKI,83298,144175
E14000554,Berwick-upon-Tweed,Bwk,-4,17,NE,UKC,56969,75542
E14000555,Bethnal Green and Bow,Bet,7,-10,LO,UKI,82727,146820
E14000556,Beverley and Holderness,Bev,4,8,YH,UKE,80805,100257
E14000557,Bexhill and Battle,Bex,10,-15,SE,UKJ,78796,104993
E14000558,Bexleyheath and Crayford,Bex,9,-10,LO,UKI,64828,93923
E14000559,Birkenhead,Bir,-10,2,NW,UKD,62410,90087
E14000560,"Birmingham, Edgbaston",Edg,-4,-3,WM,UKG,65591,105317
E14000561,"Birmingham, Erdington",Erd,-2,-2,WM,UKG,65128,103188
E14000562,"Birmingham, Hall Green",HaG,-3,-4,WM,UKG,76330,120130
E14000563,"Birmingham, Hodge Hill",HoH,-1,-2,WM,UKG,75302,129262
E14000564,"Birmingham, Ladywood",Ldy,-3,-3,WM,UKG,68128,146279
E14000565,"Birmingham, Northfield",Nfd,-4,-4,WM,UKG,71428,103704
E14000566,"Birmingham, Perry Barr",PrB,-3,-2,WM,UKG,69943,112420
E14000567,"Birmingham, Selly Oak",SyO,-3,-5,WM,UKG,75092,108848
E14000568,"Birmingham, Yardley",Yrd,-2,-3,WM,UKG,72146,113069
E14000569,Bishop Auckland,BAu ,-2,12,NE,UKC,66070,88794
E14000570,Blackburn,Bla,-6,10,NW,UKD,73260,109163
E14000571,Blackley and Broughton,Bla,-6,6,NW,UKD,71913,121759
E14000572,Blackpool North and Cleveleys,BlN,-6,12,NW,UKD,62468,83152
E14000573,Blackpool South,BlS,-8,11,NW,UKD,57411,79725
E14000574,Blaydon,Bla,-3,14,NE,UKC,67901,88273
E14000575,Blyth Valley,Bly,-2,17,NE,UKC,61247,83985
E14000576,Bognor Regis and Littlehampton,Bog,2,-15,SE,UKJ,72995,106496
E14000577,Bolsover,Bol,0,3,EM,UKF,71979,98531
E14000578,Bolton North East,BNE,-7,7,NW,UKD,67895,97992
E14000579,Bolton South East,BSE,-7,6,NW,UKD,69687,105872
E14000580,Bolton West,BoW,-8,7,NW,UKD,72719,96124
E14000581,Bootle,Boo,-10,7,NW,UKD,70145,99224
E14000582,Boston and Skegness,Bos,4,5,EM,UKF,67064,106272
E14000583,Bosworth,Bos,0,-1,EM,UKF,79738,104589
E14000584,Bournemouth East,BmE,-8,-13,SW,UKK,72275,107483
E14000585,Bournemouth West,BmW,-8,-14,SW,UKK,72082,105394
E14000586,Bracknell,Bra,-2,-10,SE,UKJ,81271,111021
E14000587,Bradford East,BrE,-2,9,YH,UKE,66121,118123
E14000588,Bradford South,BrS,-2,8,YH,UKE,63674,105363
E14000589,Bradford West,BrW,-3,9,YH,UKE,63372,117969
E14000590,Braintree,Bra,8,-2,EA,UKH,73557,101121
E14000591,Brent Central,BrC,2,-9,LO,UKI,77038,147291
E14000592,Brent North,BrN,1,-9,LO,UKI,82196,136376
E14000593,Brentford and Isleworth,BrI,1,-11,LO,UKI,84602,134768
E14000594,Brentwood and Ongar,BrO,8,-4,EA,UKH,71918,96486
E14000595,Bridgwater and West Somerset,Bri,-11,-12,SW,UKK,80491,113002
E14000596,Brigg and Goole,Brg,1,7,YH,UKE,68488,88452
E14000597,"Brighton, Kemptown",BrK,7,-15,SE,UKJ,67858,95938
E14000598,"Brighton, Pavilion",BrP,6,-15,SE,UKJ,76557,112196
E14000599,Bristol East,BrE,-7,-9,SW,UKK,71193,100828
E14000600,Bristol North West,BNW,-8,-9,SW,UKK,74743,106013
E14000601,Bristol South,BrS,-7,-10,SW,UKK,81496,113526
E14000602,Bristol West,BrW,-8,-10,SW,UKK,91236,138885
E14000603,Broadland,Bro,7,2,EA,UKH,73552,98565
E14000604,Bromley and Chislehurst,Bro,8,-13,LO,UKI,65477,95597
E14000605,Bromsgrove,Bro,-4,-5,WM,UKG,73337,97594
E14000606,Broxbourne,Brx,8,-6,EA,UKH,72944,102167
E14000607,Broxtowe,Brx,0,1,EM,UKF,71764,97540
E14000608,Buckingham,Buc,2,-5,SE,UKJ,77425,104977
E14000609,Burnley,Bur,-4,10,NW,UKD,64477,87705
E14000610,Burton,Bur,-3,1,WM,UKG,75248,106400
E14000611,Bury North,ByN,-6,9,NW,UKD,67580,89662
E14000612,Bury South,ByS,-6,8,NW,UKD,73883,99966
E14000613,Bury St Edmunds,BsE,9,-2,EA,UKH,85982,117735
E14000614,Calder Valley,CaV,-4,9,YH,UKE,77754,104805
E14000615,Camberwell and Peckham,Cam,6,-12,LO,UKI,82746,131739
E14000616,Camborne and Redruth,Cam,-15,-17,SW,UKK,66944,91485
E14000617,Cambridge,Cam,6,-1,EA,UKH,83384,115902
E14000618,Cannock Chase,Can,-4,-1,WM,UKG,74532,99126
E14000619,Canterbury,Can,12,-12,SE,UKJ,81341,119757
E14000620,Carlisle,Car,-4,14,NW,UKD,65827,86429
E14000621,Carshalton and Wallington,Car,4,-14,LO,UKI,69981,101780
E14000622,Castle Point,Cas,10,-7,EA,UKH,68170,89814
E14000623,Central Devon,DvC,-13,-13,SW,UKK,72737,93250
E14000624,Central Suffolk and North Ipswich,SfC,10,0,EA,UKH,76666,101581
E14000625,Charnwood,Cha,3,0,EM,UKF,77269,101581
E14000626,Chatham and Aylesford,Cha,10,-11,SE,UKJ,66355,101469
E14000627,Cheadle,Che,-5,3,NW,UKD,73239,93422
E14000628,Chelmsford,Che,9,-4,EA,UKH,78580,111032
E14000629,Chelsea and Fulham,Che,2,-11,LO,UKI,63478,107789
E14000630,Cheltenham,Che,-7,-7,SW,UKK,77287,106352
E14000631,Chesham and Amersham,Che,0,-7,SE,UKJ,72547,95355
E14000632,Chesterfield,Che,-1,3,EM,UKF,71625,94140
E14000633,Chichester,Chi,-1,-15,SE,UKJ,83396,110722
E14000634,Chingford and Woodford Green,Chi,6,-6,LO,UKI,66680,94571
E14000635,Chippenham,Chi,-5,-9,SW,UKK,74218,99897
E14000636,Chipping Barnet,Chi,3,-7,LO,UKI,77807,118408
E14000637,Chorley,Cho,-7,9,NW,UKD,74679,102715
E14000638,Christchurch,Chr,-7,-13,SW,UKK,69303,86089
E14000639,Cities of London and Westminster,Cit,4,-11,LO,UKI,60992,122923
E14000640,City of Chester,Che,-8,1,NW,UKD,74485,96364
E14000641,City of Durham,Dur,-2,13,NE,UKC,68725,100372
E14000642,Clacton,Cla,10,-3,EA,UKH,68936,89901
E14000643,Cleethorpes,Cle,2,7,YH,UKE,71008,94333
E14000644,Colchester,Col,9,-3,EA,UKH,74204,122387
E14000645,Colne Valley,CoV,-4,7,YH,UKE,82516,111717
E14000646,Congleton,Con,-5,2,NW,UKD,72503,94744
E14000647,Copeland,Cop,-6,13,NW,UKD,62087,78684
E14000648,Corby,Cor,4,1,EM,UKF,79775,121295
E14000649,Coventry North East,CNE,-1,-3,WM,UKG,75462,124974
E14000650,Coventry North West,CNW,-1,-4,WM,UKG,73626,112177
E14000651,Coventry South,CoS,0,-4,WM,UKG,70397,122998
E14000652,Crawley,Cra,1,-14,SE,UKJ,73936,111664
E14000653,Crewe and Nantwich,Cre,-6,1,NW,UKD,74169,110128
E14000654,Croydon Central,CrC,6,-14,LO,UKI,78171,121087
E14000655,Croydon North,CrN,6,-13,LO,UKI,85941,146065
E14000656,Croydon South,CrS,5,-14,LO,UKI,82010,117685
E14000657,Dagenham and Rainham,Dag,9,-8,LO,UKI,69128,112045
E14000658,Darlington,Dar,-1,12,NE,UKC,65851,91768
E14000659,Dartford,Dar,9,-11,SE,UKJ,75209,113576
E14000660,Daventry,Dav,1,-3,EM,UKF,72873,99130
E14000661,Denton and Reddish,Den,-4,5,NW,UKD,66141,86628
E14000662,Derby North,DbN,-1,2,EM,UKF,69794,102733
E14000663,Derby South,DbS,-1,1,EM,UKF,70240,115414
E14000664,Derbyshire Dales,DbD,-3,3,EM,UKF,63476,79872
E14000665,Devizes,Dev,-5,-10,SW,UKK,69205,102273
E14000666,Dewsbury,Dew,-2,7,YH,UKE,79770,113692
E14000667,Don Valley,DnV,1,5,YH,UKE,71299,100175
E14000668,Doncaster Central,DnC,1,6,YH,UKE,71136,110064
E14000669,Doncaster North,DnN,0,6,YH,UKE,70989,98701
E14000670,Dover,Dov,13,-12,SE,UKJ,72930,101535
E14000671,Dudley North,DdN,-7,-3,WM,UKG,60717,84817
E14000672,Dudley South,DdS,-6,-4,WM,UKG,60363,81197
E14000673,Dulwich and West Norwood,Dul,5,-13,LO,UKI,76575,116035
E14000674,Ealing Central and Acton,EaC,1,-10,LO,UKI,71422,122419
E14000675,Ealing North,EaN,0,-9,LO,UKI,73881,121080
E14000676,"Ealing, Southall",EaS,0,-10,LO,UKI,65606,99237
E14000677,Easington,Eas,0,14,NE,UKC,61659,82631
E14000678,East Devon,DvE,-11,-14,SW,UKK,76519,104193
E14000679,East Ham,EHm ,7,-9,LO,UKI,87382,162796
E14000680,East Hampshire,HmE,-3,-12,SE,UKJ,71074,98009
E14000681,East Surrey,SyE,9,-14,SE,UKJ,79654,111878
E14000682,East Worthing and Shoreham,WSh,4,-15,SE,UKJ,74775,99758
E14000683,East Yorkshire,YkE,3,10,YH,UKE,81023,101516
E14000684,Eastbourne,Eas,9,-15,SE,UKJ,78262,110809
E14000685,Eastleigh,Eas,-4,-12,SE,UKJ,79609,108865
E14000686,Eddisbury,Edd,-7,1,NW,UKD,68569,89467
E14000687,Edmonton,Edm,5,-7,LO,UKI,66016,120266
E14000688,Ellesmere Port and Neston,ElP,-9,1,NW,UKD,69223,87285
E14000689,Elmet and Rothwell,Elm,2,10,YH,UKE,79143,100292
E14000690,Eltham,Elt,8,-12,LO,UKI,63998,95175
E14000691,Enfield North,EnN,5,-6,LO,UKI,68118,109930
E14000692,"Enfield, Southgate",EnS,4,-6,LO,UKI,64937,102509
E14000693,Epping Forest,Epp,9,-6,EA,UKH,73447,100102
E14000694,Epsom and Ewell,Eps,1,-13,SE,UKJ,78633,109981
E14000695,Erewash,Ere,1,0,EM,UKF,71943,97103
E14000696,Erith and Thamesmead,Eri,8,-11,LO,UKI,70397,121265
E14000697,Esher and Walton,Esh,-1,-13,SE,UKJ,79894,114285
E14000698,Exeter,Exe,-12,-13,SW,UKK,76968,114569
E14000699,Fareham,Far,-4,-14,SE,UKJ,77114,101851
E14000700,Faversham and Mid Kent,Fav,12,-11,SE,UKJ,69523,97954
E14000701,Feltham and Heston,Fel,0,-11,LO,UKI,82340,134332
E14000702,Filton and Bradley Stoke,Ftn,-8,-8,SW,UKK,71310,101349
E14000703,Finchley and Golders Green,Fin,3,-8,LO,UKI,72530,130507
E14000704,Folkestone and Hythe,Fol,12,-14,SE,UKJ,83651,116776
E14000705,Forest of Dean,FDn,-7,-6,SW,UKK,69865,90237
E14000706,Fylde,Fyl,-7,10,NW,UKD,65679,84814
E14000707,Gainsborough,Gnb,2,5,EM,UKF,74686,96951
E14000708,Garston and Halewood,Gar,-9,3,NW,UKD,73719,99510
E14000709,Gateshead,Gat,-3,15,NE,UKC,64524,97101
E14000710,Gedling,Ged,3,2,EM,UKF,70000,94780
E14000711,Gillingham and Rainham,Gil,11,-11,SE,UKJ,70984,103079
E14000712,Gloucester,Glo,-7,-8,SW,UKK,82968,119713
E14000713,Gosport,Gos,-3,-14,SE,UKJ,73268,99877
E14000714,Grantham and Stamford,Gra,3,3,EM,UKF,81150,111163
E14000715,Gravesham,Gra,10,-10,SE,UKJ,72043,106121
E14000716,Great Grimsby,Gri,3,6,YH,UKE,59200,88500
E14000717,Great Yarmouth,GYa ,8,2,EA,UKH,69793,99417
E14000718,Greenwich and Woolwich,Gre,7,-11,LO,UKI,73315,129210
E14000719,Guildford,Gfd,-2,-13,SE,UKJ,75733,114435
E14000720,Hackney North and Stoke Newington,HkN,5,-9,LO,UKI,88153,141379
E14000721,Hackney South and Shoreditch,HkS,6,-10,LO,UKI,84971,134550
E14000722,Halesowen and Rowley Regis,Hal,-6,-3,WM,UKG,66048,89126
E14000723,Halifax,Hal,-3,8,YH,UKE,70462,104649
E14000724,Haltemprice and Howden,Hal,2,9,YH,UKE,71195,89510
E14000725,Halton,Hal,-8,2,NW,UKD,72818,97326
E14000726,Hammersmith,Ham,2,-10,LO,UKI,72254,117504
E14000727,Hampstead and Kilburn,Hmp,3,-9,LO,UKI,80195,144586
E14000728,Harborough,Har,3,-1,EM,UKF,77760,106126
E14000729,Harlow,Har,8,-3,EA,UKH,67994,96754
E14000730,Harrogate and Knaresborough,Har,-2,11,YH,UKE,76408,103322
E14000731,Harrow East,HrE,2,-8,LO,UKI,70981,108089
E14000732,Harrow West,HrW,1,-8,LO,UKI,69644,108963
E14000733,Hartlepool,Har,1,14,NE,UKC,69947,93019
E14000734,Harwich and North Essex,Har,10,-2,EA,UKH,69290,95282
E14000735,Hastings and Rye,Has,11,-14,SE,UKJ,75095,111779
E14000736,Havant,Hav,-1,-14,SE,UKJ,70573,95381
E14000737,Hayes and Harlington,Hay,-1,-9,LO,UKI,74874,126503
E14000738,Hazel Grove,Haz,-4,4,NW,UKD,63098,80374
E14000739,Hemel Hempstead,Hem,5,-5,EA,UKH,74616,106080
E14000740,Hemsworth,Hem,0,7,YH,UKE,72714,98041
E14000741,Hendon,Hen,2,-7,LO,UKI,75285,138888
E14000742,Henley,Hen,1,-6,SE,UKJ,77946,99228
E14000743,Hereford and South Herefordshire,Her,-7,-5,WM,UKG,71485,101437
E14000744,Hertford and Stortford,Her,7,-3,EA,UKH,80610,113894
E14000745,Hertsmere,Her,7,-5,EA,UKH,73767,104031
E14000746,Hexham,Hex,-4,16,NE,UKC,59708,77272
E14000747,Heywood and Middleton,Hey,-5,8,NW,UKD,79989,106600
E14000748,High Peak,HiP,-3,4,EM,UKF,73336,92063
E14000749,Hitchin and Harpenden,Hit,5,-3,EA,UKH,80333,103624
E14000750,Holborn and St Pancras,Hol,4,-10,LO,UKI,86764,154210
E14000751,Hornchurch and Upminster,Hor,8,-8,LO,UKI,79331,110402
E14000752,Hornsey and Wood Green,HWG,4,-7,LO,UKI,79247,128655
E14000753,Horsham,Hor,1,-15,SE,UKJ,79085,111853
E14000754,Houghton and Sunderland South,Hou,-1,14,NE,UKC,68324,87575
E14000755,Hove,Hov,5,-15,SE,UKJ,73505,103177
E14000756,Huddersfield,Hud,-3,7,YH,UKE,65269,100197
E14000757,Huntingdon,Hun,5,-2,EA,UKH,82593,119679
E14000758,Hyndburn,Hyn,-5,10,NW,UKD,68341,92364
E14000759,Ilford North,IlN,6,-7,LO,UKI,75294,109618
E14000760,Ilford South,IlS,7,-8,LO,UKI,91987,144360
E14000761,Ipswich,Ips,9,-1,EA,UKH,74499,114348
E14000762,Isle of Wight,IoW,-6,-15,SE,UKJ,108804,140984
E14000763,Islington North,IsN,4,-9,LO,UKI,73326,116074
E14000764,Islington South and Finsbury,IsS,5,-10,LO,UKI,68127,118926
E14000765,Jarrow,Jar,-1,15,NE,UKC,64002,82979
E14000766,Keighley,Kei,-3,10,YH,UKE,68865,97371
E14000767,Kenilworth and Southam,Ken,1,-4,WM,UKG,63957,83252
E14000768,Kensington,Ken,3,-10,LO,UKI,61133,113446
E14000769,Kettering,Ket,4,0,EM,UKF,70155,100252
E14000770,Kingston and Surbiton,Ksu,0,-13,LO,UKI,81238,127264
E14000771,Kingston upon Hull East,HuE,3,7,YH,UKE,65710,90986
E14000772,Kingston upon Hull North,HuN,3,9,YH,UKE,64148,97969
E14000773,Kingston upon Hull West and Hessle,HuW,3,8,YH,UKE,59100,86690
E14000774,Kingswood,Kin,-6,-8,SW,UKK,68193,91234
E14000775,Knowsley,Kno,-9,6,NW,UKD,79108,105786
E14000776,Lancaster and Fleetwood,Lan,-4,12,NW,UKD,61922,90139
E14000777,Leeds Central,LeC,0,9,YH,UKE,81799,152847
E14000778,Leeds East,LeE,1,9,YH,UKE,64754,99969
E14000779,Leeds North East,LNE,1,10,YH,UKE,69097,92604
E14000780,Leeds North West,LNW,0,10,YH,UKE,61974,86016
E14000781,Leeds West,LeW,-1,9,YH,UKE,64950,94030
E14000782,Leicester East,LeE,2,-1,EM,UKF,75430,116911
E14000783,Leicester South,LeS,2,-2,EM,UKF,73518,127672
E14000784,Leicester West,LeW,1,-1,EM,UKF,63204,108957
E14000785,Leigh,Lei,-8,6,NW,UKD,75905,104932
E14000786,Lewes,Lew,8,-15,SE,UKJ,69481,92793
E14000787,Lewisham East,LwE,7,-13,LO,UKI,66913,110260
E14000788,Lewisham West and Penge,LwW,7,-12,LO,UKI,72290,114967
E14000789,"Lewisham, Deptford",LwD,6,-11,LO,UKI,73428,125190
E14000790,Leyton and Wanstead,Ley,6,-8,LO,UKI,64580,110795
E14000791,Lichfield,Lic,-2,0,WM,UKG,74234,95785
E14000792,Lincoln,Lin,3,5,EM,UKF,74121,111942
E14000793,"Liverpool, Riverside",Riv,-10,4,NW,UKD,70829,131888
E14000794,"Liverpool, Walton",Wal,-10,6,NW,UKD,61908,92439
E14000795,"Liverpool, Wavertree",Wav,-10,3,NW,UKD,61549,95210
E14000796,"Liverpool, West Derby",WDb,-10,5,NW,UKD,63651,93045
E14000797,Loughborough,Lou,2,0,EM,UKF,75217,107916
E14000798,Louth and Horncastle,Lou,4,6,EM,UKF,74870,99323
E14000799,Ludlow,Lud,-8,-2,WM,UKG,66374,86265
E14000800,Luton North,LuN,5,-4,EA,UKH,67329,101258
E14000801,Luton South,LuS,4,-5,EA,UKH,67741,119759
E14000802,Macclesfield,Mac,-4,3,NW,UKD,71712,93692
E14000803,Maidenhead,Mai,-2,-7,SE,UKJ,74187,106307
E14000804,Maidstone and The Weald,Mai,11,-12,SE,UKJ,73181,108642
E14000805,Makerfield,Mak,-9,7,NW,UKD,74320,100385
E14000806,Maldon,Mal,11,-4,EA,UKH,69066,91364
E14000807,Manchester Central,MaC,-6,5,NW,UKD,86078,158529
E14000808,"Manchester, Gorton",MaG,-5,5,NW,UKD,72992,119476
E14000809,"Manchester, Withington",MaW,-6,4,NW,UKD,74102,100773
E14000810,Mansfield,Mfd,1,3,EM,UKF,77534,108576
E14000811,Meon Valley,MeV,-4,-13,SE,UKJ,72738,94535
E14000812,Meriden,Mer,-2,-5,WM,UKG,81928,111675
E14000813,Mid Bedfordshire,BdM,4,-4,EA,UKH,78501,110736
E14000814,Mid Derbyshire,DbM,-2,2,EM,UKF,67477,84841
E14000815,Mid Dorset and North Poole,DoP,-8,-12,SW,UKK,64299,82737
E14000816,Mid Norfolk,NoM,6,1,EA,UKH,77154,105925
E14000817,Mid Sussex,SuM,10,-14,SE,UKJ,81034,112448
E14000818,Mid Worcestershire,WoM,-5,-5,WM,UKG,73069,101762
E14000819,Middlesbrough,Mid,1,12,NE,UKC,61873,95892
E14000820,Middlesbrough South and East Cleveland,MdS,2,12,NE,UKC,71154,93537
E14000821,Milton Keynes North,MkN,3,-3,SE,UKJ,86826,132573
E14000822,Milton Keynes South,MkS,3,-4,SE,UKJ,89656,134948
E14000823,Mitcham and Morden,Mit,3,-14,LO,UKI,68474,106832
E14000824,Mole Valley,MoV,0,-14,SE,UKJ,74038,97219
E14000825,Morecambe and Lunesdale,Mor,-5,12,NW,UKD,66985,89064
E14000826,Morley and Outwood,Mor,0,8,YH,UKE,75820,98496
E14000827,New Forest East,NFE,-6,-13,SE,UKJ,72697,93713
E14000828,New Forest West,NFW,-6,-12,SE,UKJ,68446,85877
E14000829,Newark,New,3,4,EM,UKF,73747,104522
E14000830,Newbury,New,-4,-7,SE,UKJ,79512,111848
E14000831,Newcastle upon Tyne Central,NeC,-4,15,NE,UKC,58147,102253
E14000832,Newcastle upon Tyne East,NeE,-2,16,NE,UKC,64243,101547
E14000833,Newcastle upon Tyne North,NeN,-3,16,NE,UKC,67902,92042
E14000834,Newcastle-under-Lyme,NuL,-5,1,WM,UKG,67619,94194
E14000835,Newton Abbot,NAb ,-12,-14,SW,UKK,69928,90795
E14000836,"Normanton, Pontefract and Castleford",Nor,1,8,YH,UKE,82592,112182
E14000837,North Cornwall,CwN,-14,-13,SW,UKK,67192,92772
E14000838,North Devon,DvN,-12,-12,SW,UKK,74737,95440
E14000839,North Dorset,DoN,-7,-12,SW,UKK,73759,98878
E14000840,North Durham,DuN,-2,14,NE,UKC,65359,88060
E14000841,North East Bedfordshire,BNE,4,-2,EA,UKH,83551,114925
E14000842,North East Cambridgeshire,CNE,6,0,EA,UKH,82990,119024
E14000843,North East Derbyshire,DNE,-2,3,EM,UKF,71445,91786
E14000844,North East Hampshire,HNE,-3,-9,SE,UKJ,76918,100563
E14000845,North East Hertfordshire,HNE,6,-3,EA,UKH,74000,100639
E14000846,North East Somerset,SNE,-6,-10,SW,UKK,69380,93654
E14000847,North Herefordshire,HeN,-8,-4,WM,UKG,67926,89604
E14000848,North Norfolk,NoN,6,2,EA,UKH,68867,86991
E14000849,North Shropshire,ShN,-8,0,WM,UKG,78858,109100
E14000850,North Somerset,SoN,-9,-11,SW,UKK,80161,101910
E14000851,North Swindon,SwN,-5,-7,SW,UKK,80983,112237
E14000852,North Thanet,ThN,13,-10,SE,UKJ,71478,98218
E14000853,North Tyneside,TyN,-1,16,NE,UKC,79300,104399
E14000854,North Warwickshire,WaN,-1,-1,WM,UKG,70152,92833
E14000855,North West Cambridgeshire,CNW,5,-1,EA,UKH,90318,133227
E14000856,North West Durham,DNW,-3,13,NE,UKC,69816,94105
E14000857,North West Hampshire,HNW,-4,-10,SE,UKJ,79223,107227
E14000858,North West Leicestershire,LNW,0,0,EM,UKF,72193,100109
E14000859,North West Norfolk,NNW,5,1,EA,UKH,74402,98029
E14000860,North Wiltshire,WiN,-5,-8,SW,UKK,67851,94290
E14000861,Northampton North,NoN,3,-2,EM,UKF,59144,88634
E14000862,Northampton South,NoS,2,-3,EM,UKF,61287,101461
E14000863,Norwich North,NoN,7,1,EA,UKH,64515,89235
E14000864,Norwich South,NoS,8,0,EA,UKH,74875,103284
E14000865,Nottingham East,NtE,2,1,EM,UKF,60464,109797
E14000866,Nottingham North,NtN,2,2,EM,UKF,65918,100690
E14000867,Nottingham South,NtS,1,1,EM,UKF,68987,118722
E14000868,Nuneaton,Nun,0,-2,WM,UKG,68037,93717
E14000869,Old Bexley and Sidcup,BxS,9,-12,LO,UKI,66035,89400
E14000870,Oldham East and Saddleworth,OlE,-5,7,NW,UKD,71475,105960
E14000871,Oldham West and Royton,OlW,-6,7,NW,UKD,71652,107334
E14000872,Orpington,Orp,8,-14,LO,UKI,68129,91917
E14000873,Oxford East,OxE,0,-5,SE,UKJ,78978,123350
E14000874,Oxford West and Abingdon,OxW,0,-6,SE,UKJ,76174,109678
E14000875,Pendle,Pen,-5,11,NW,UKD,64573,90696
E14000876,Penistone and Stocksbridge,Pen,-3,6,YH,UKE,70817,89284
E14000877,Penrith and The Border,Pen,-5,15,NW,UKD,65209,82409
E14000878,Peterborough,Pet,5,0,EA,UKH,72530,122987
E14000879,"Plymouth, Moor View",PMV,-14,-15,SW,UKK,68246,93933
E14000880,"Plymouth, Sutton and Devonport",PSD,-14,-16,SW,UKK,73274,114519
E14000881,Poole,Ple,-9,-13,SW,UKK,72557,98567
E14000882,Poplar and Limehouse,Pop,8,-10,LO,UKI,82081,161144
E14000883,Portsmouth North,PoN,-3,-13,SE,UKJ,73105,100174
E14000884,Portsmouth South,PoS,-2,-14,SE,UKJ,71639,114544
E14000885,Preston,Pre,-7,11,NW,UKD,59981,96426
E14000886,Pudsey,Pud,-1,10,YH,UKE,70533,91879
E14000887,Putney,Put,3,-12,LO,UKI,63923,98091
E14000888,Rayleigh and Wickford,Ray,9,-5,EA,UKH,77174,101041
E14000889,Reading East,RdE,-3,-7,SE,UKJ,73232,115284
E14000890,Reading West,RdW,-3,-8,SE,UKJ,72567,104157
E14000891,Redcar,Red,1,13,NE,UKC,64826,87215
E14000892,Redditch,Red,-4,-6,WM,UKG,65531,90889
E14000893,Reigate,Rei,2,-14,SE,UKJ,73429,106027
E14000894,Ribble Valley,Rib,-3,12,NW,UKD,77379,99620
E14000895,Richmond (Yorks),Ric,-3,11,YH,UKE,79062,109492
E14000896,Richmond Park,Ric,1,-12,LO,UKI,77303,125093
E14000897,Rochdale,Roc,-4,8,NW,UKD,77248,111859
E14000898,Rochester and Strood,Roc,11,-10,SE,UKJ,77119,112916
E14000899,Rochford and Southend East,Roc,10,-5,EA,UKH,71935,105200
E14000900,Romford,Rom,7,-7,LO,UKI,72594,104539
E14000901,Romsey and Southampton North,Rom,-5,-11,SE,UKJ,66519,91141
E14000902,Rossendale and Darwen,Ros,-5,9,NW,UKD,73779,98020
E14000903,Rother Valley,Rot,1,4,YH,UKE,74275,96352
E14000904,Rotherham,Rot,0,5,YH,UKE,63698,91706
E14000905,Rugby,Rug,0,-3,WM,UKG,71655,102733
E14000906,"Ruislip, Northwood and Pinner",Rui,1,-7,LO,UKI,73216,97520
E14000907,Runnymede and Weybridge,Run,-1,-12,SE,UKJ,73771,108976
E14000908,Rushcliffe,Rus,3,1,EM,UKF,73278,98568
E14000909,Rutland and Melton,Rut,4,2,EM,UKF,79693,104112
E14000910,Saffron Walden,Saf,7,-2,EA,UKH,80615,111701
E14000911,Salford and Eccles,Sal,-7,5,NW,UKD,74291,117990
E14000912,Salisbury,Sal,-6,-11,SW,UKK,69582,96573
E14000913,Scarborough and Whitby,Sca,2,11,YH,UKE,73511,96695
E14000914,Scunthorpe,Scu,2,6,YH,UKE,64025,91641
E14000915,Sedgefield,Sed,-1,13,NE,UKC,62844,84279
E14000916,Sefton Central,Sef,-9,8,NW,UKD,67744,83315
E14000917,Selby and Ainsty,Sel,2,8,YH,UKE,76082,101373
E14000918,Sevenoaks,Sev,9,-13,SE,UKJ,71958,96949
E14000919,Sheffield Central,ShC,-1,4,YH,UKE,72321,130085
E14000920,Sheffield South East,SSE,0,4,YH,UKE,70422,94106
E14000921,"Sheffield, Brightside and Hillsborough",ShB,-2,5,YH,UKE,70874,112154
E14000922,"Sheffield, Hallam",SHa ,-3,5,YH,UKE,72351,92386
E14000923,"Sheffield, Heeley",SHe ,-2,4,YH,UKE,67950,94955
E14000924,Sherwood,She,2,3,EM,UKF,73349,100376
E14000925,Shipley,Shi,-2,10,YH,UKE,70464,95974
E14000926,Shrewsbury and Atcham,Shr,-9,-1,WM,UKG,76400,106407
E14000927,Sittingbourne and Sheppey,Sit,12,-10,SE,UKJ,76018,117975
E14000928,Skipton and Ripon,Ski,-4,11,YH,UKE,76645,99840
E14000929,Sleaford and North Hykeham,Sle,4,4,EM,UKF,87972,118053
E14000930,Slough,Slo,-2,-8,SE,UKJ,86366,142082
E14000931,Solihull,Sol,-2,-4,WM,UKG,77956,102258
E14000932,Somerton and Frome,SFr,-8,-11,SW,UKK,83281,106834
E14000933,South Basildon and East Thurrock,BaS,9,-7,EA,UKH,71155,100461
E14000934,South Cambridgeshire,CaS,6,-2,EA,UKH,84132,115828
E14000935,South Derbyshire,DbS,-2,1,EM,UKF,73923,102385
E14000936,South Dorset,DoS,-9,-15,SW,UKK,71534,93451
E14000937,South East Cambridgeshire,CSE,7,-1,EA,UKH,84570,120504
E14000938,South East Cornwall,CSE,-14,-14,SW,UKK,71071,89989
E14000939,South Holland and The Deepings,HoS,4,3,EM,UKF,76460,107467
E14000940,South Leicestershire,LeS,1,-2,EM,UKF,76851,105253
E14000941,South Norfolk,NoS,9,0,EA,UKH,80721,107778
E14000942,South Northamptonshire,NoS,2,-4,EM,UKF,85781,117338
E14000943,South Ribble,RbS,-8,9,NW,UKD,76489,99596
E14000944,South Shields,ShS,0,16,NE,UKC,62730,83621
E14000945,South Staffordshire,SfS,-6,0,WM,UKG,72771,97353
E14000946,South Suffolk,SuS,10,-1,EA,UKH,73836,94900
E14000947,South Swindon,SwS,-4,-8,SW,UKK,73926,108126
E14000948,South Thanet,ThS,13,-11,SE,UKJ,70970,101730
E14000949,South West Bedfordshire,BSW,3,-5,EA,UKH,79285,111581
E14000950,South West Devon,DSW,-13,-14,SW,UKK,71035,89446
E14000951,South West Hertfordshire,HSW,3,-6,EA,UKH,79668,110191
E14000952,South West Norfolk,NSW,7,0,EA,UKH,76970,109166
E14000953,South West Surrey,SSW,-2,-12,SE,UKJ,77548,106199
E14000954,South West Wiltshire,WSW,-7,-11,SW,UKK,73018,103010
E14000955,"Southampton, Itchen",Itc,-5,-13,SE,UKJ,72281,110014
E14000956,"Southampton, Test",Tst,-5,-12,SE,UKJ,70270,112751
E14000957,Southend West,Sou,10,-6,EA,UKH,66876,92501
E14000958,Southport,Sou,-9,9,NW,UKD,67326,92050
E14000959,Spelthorne,Spe,-1,-11,SE,UKJ,71592,99120
E14000960,St Albans,StA,6,-5,EA,UKH,75825,103086
E14000961,St Austell and Newquay,StA,-15,-15,SW,UKK,76607,106443
E14000962,St Helens North,SHN,-9,5,NW,UKD,75262,98708
E14000963,St Helens South and Whiston,SHS,-9,4,NW,UKD,77720,102854
E14000964,St Ives,StI,-16,-16,SW,UKK,65570,87250
E14000965,Stafford,Sta,-4,0,WM,UKG,68705,97986
E14000966,Staffordshire Moorlands,StM,-3,2,WM,UKG,63104,78763
E14000967,Stalybridge and Hyde,Sta,-4,6,NW,UKD,71357,94171
E14000968,Stevenage,Ste,6,-4,EA,UKH,70597,98200
E14000969,Stockport,Sto,-5,4,NW,UKD,63931,88745
E14000970,Stockton North,StN,0,13,NE,UKC,66126,92763
E14000971,Stockton South,StS,0,12,NE,UKC,75111,103724
E14000972,Stoke-on-Trent Central,StC,-4,1,WM,UKG,60634,85975
E14000973,Stoke-on-Trent North,StN,-4,2,WM,UKG,71438,99306
E14000974,Stoke-on-Trent South,StS,-3,0,WM,UKG,68091,90359
E14000975,Stone,Sto,-5,0,WM,UKG,67339,85555
E14000976,Stourbridge,Sto,-5,-4,WM,UKG,69077,90208
E14000977,Stratford-on-Avon,Str,-3,-6,WM,UKG,71304,92178
E14000978,Streatham,Str,4,-13,LO,UKI,79137,123997
E14000979,Stretford and Urmston,Str,-7,4,NW,UKD,69026,100958
E14000980,Stroud,Str,-6,-7,SW,UKK,80544,104822
E14000981,Suffolk Coastal,SfC,9,1,EA,UKH,77816,102482
E14000982,Sunderland Central,Sun,0,15,NE,UKC,72950,101578
E14000983,Surrey Heath,Sur,-1,-10,SE,UKJ,79515,109004
E14000984,Sutton and Cheam,Sut,2,-13,LO,UKI,69228,101463
E14000985,Sutton Coldfield,Sut,-2,-1,WM,UKG,74956,94906
E14000986,Tamworth,Tam,-1,0,WM,UKG,71913,95401
E14000987,Tatton,Tat,-6,2,NW,UKD,65004,86010
E14000988,Taunton Deane,Tau,-10,-13,SW,UKK,83221,117423
E14000989,Telford,Tel,-8,-1,WM,UKG,66166,96290
E14000990,Tewkesbury,Tew,-6,-6,SW,UKK,78910,106198
E14000991,The Cotswolds,Cot,-5,-6,SW,UKK,78290,100817
E14000992,The Wrekin,Wre,-7,0,WM,UKG,65942,95165
E14000993,Thirsk and Malton,Thi,1,11,YH,UKE,77451,100911
E14000994,Thornbury and Yate,Tho,-8,-7,SW,UKK,66066,86444
E14000995,Thurrock,Thu,8,-7,EA,UKH,77559,128157
E14000996,Tiverton and Honiton,Tiv,-11,-13,SW,UKK,76270,101980
E14000997,Tonbridge and Malling,Ton,10,-12,SE,UKJ,74877,105463
E14000998,Tooting,Too,3,-13,LO,UKI,76782,109451
E14000999,Torbay,Tor,-13,-15,SW,UKK,76350,99901
E14001000,Torridge and West Devon,Tor,-13,-12,SW,UKK,78621,101604
E14001001,Totnes,Tot,-13,-16,SW,UKK,68630,85858
E14001002,Tottenham,Tot,4,-8,LO,UKI,70803,142569
E14001003,Truro and Falmouth,Tru,-15,-16,SW,UKK,73601,95669
E14001004,Tunbridge Wells,Tun,10,-13,SE,UKJ,73429,107914
E14001005,Twickenham,Twi,0,-12,LO,UKI,80250,117932
E14001006,Tynemouth,Tyn,-1,17,NE,UKC,77524,100074
E14001007,Uxbridge and South Ruislip,Uxb,0,-8,LO,UKI,70631,110148
E14001008,Vauxhall,Vau,5,-12,LO,UKI,82231,122334
E14001009,Wakefield,Wak,-1,7,YH,UKE,70521,99280
E14001010,Wallasey,Wal,-11,3,NW,UKD,65495,90343
E14001011,Walsall North,WaN,-6,-1,WM,UKG,67080,99247
E14001012,Walsall South,WaS,-5,-1,WM,UKG,67743,104514
E14001013,Walthamstow,Wal,5,-8,LO,UKI,67015,117946
E14001014,Wansbeck,Wan,-3,17,NE,UKC,60705,82231
E14001015,Wantage,Wan,-2,-6,SE,UKJ,82931,117983
E14001016,Warley,War,-5,-3,WM,UKG,63738,98304
E14001017,Warrington North,WaN,-8,4,NW,UKD,72104,97017
E14001018,Warrington South,WaS,-8,3,NW,UKD,84767,112687
E14001019,Warwick and Leamington,War,-1,-5,WM,UKG,71578,99849
E14001020,Washington and Sunderland West,Was,-2,15,NE,UKC,68190,88096
E14001021,Watford,Wat,7,-6,EA,UKH,83535,122153
E14001022,Waveney,Wav,8,1,EA,UKH,80166,104861
E14001023,Wealden,Wea,11,-13,SE,UKJ,80236,108729
E14001024,Weaver Vale,WeV,-7,2,NW,UKD,68407,89411
E14001025,Wellingborough,Wel,4,-1,EM,UKF,74317,113099
E14001026,Wells,Wel,-10,-12,SW,UKK,79405,106881
E14001027,Welwyn Hatfield,Wel,7,-4,EA,UKH,73247,116869
E14001028,Wentworth and Dearne,Wen,-1,5,YH,UKE,74283,98554
E14001029,West Bromwich East,WBE,-4,-2,WM,UKG,63637,93365
E14001030,West Bromwich West,WBW,-5,-2,WM,UKG,65524,95418
E14001031,West Dorset,DoW,-9,-14,SW,UKK,78000,98090
E14001032,West Ham,WHa ,6,-9,LO,UKI,90640,185200
E14001033,West Lancashire,LaW,-8,8,NW,UKD,70906,97626
E14001034,West Suffolk,SuW,8,-1,EA,UKH,76198,121071
E14001035,West Worcestershire,WoW,-7,-4,WM,UKG,73394,95096
E14001036,Westminster North,WeN,3,-11,LO,UKI,62346,129527
E14001037,Westmorland and Lonsdale,Wes,-4,13,NW,UKD,65857,84614
E14001038,Weston-Super-Mare,Wes,-9,-12,SW,UKK,80309,110924
E14001039,Wigan,Wig,-7,8,NW,UKD,75990,104158
E14001040,Wimbledon,Wim,2,-12,LO,UKI,65853,99220
E14001041,Winchester,Win,-4,-11,SE,UKJ,74119,102044
E14001042,Windsor,Win,-2,-9,SE,UKJ,71538,105669
E14001043,Wirral South,WrS,-9,2,NW,UKD,56956,72991
E14001044,Wirral West,WrW,-11,2,NW,UKD,55377,69375
E14001045,Witham,Wit,10,-4,EA,UKH,67090,91545
E14001046,Witney,Wit,-1,-6,SE,UKJ,79767,109266
E14001047,Woking,Wok,-2,-11,SE,UKJ,74269,108197
E14001048,Wokingham,Wok,-4,-9,SE,UKJ,77881,109445
E14001049,Wolverhampton North East,WNE,-7,-1,WM,UKG,61065,90944
E14001050,Wolverhampton South East,WSE,-6,-2,WM,UKG,62556,93652
E14001051,Wolverhampton South West,WSW,-7,-2,WM,UKG,60368,87774
E14001052,Worcester,Wor,-6,-5,WM,UKG,72461,102314
E14001053,Workington,Wor,-5,14,NW,UKD,58615,79433
E14001054,Worsley and Eccles South,Wor,-8,5,NW,UKD,72177,103048
E14001055,Worthing West,Wor,3,-15,SE,UKJ,75617,98911
E14001056,Wycombe,Wyc,-1,-7,SE,UKJ,76371,111353
E14001057,Wyre and Preston North,Wyr,-6,11,NW,UKD,70637,89672
E14001058,Wyre Forest,WyF,-8,-3,WM,UKG,77407,100715
E14001059,Wythenshawe and Sale East,Wyt,-6,3,NW,UKD,75994,108336
E14001060,Yeovil,Yeo,-10,-14,SW,UKK,82447,111055
E14001061,York Central,YkC,0,11,YH,UKE,75351,111937
E14001062,York Outer,YkO,-1,11,YH,UKE,78561,96226
N06000001,Belfast East,BeE,-14,13,NI,UKN,63157,95193
N06000002,Belfast North,BeN,-14,14,NI,UKN,68553,104231
N06000003,Belfast South,BeS,-14,12,NI,UKN,64927,114391
N06000004,Belfast West,BeW,-15,13,NI,UKN,62697,94620
N06000005,East Antrim,AnE,-14,15,NI,UKN,62811,90196
N06000006,East Londonderry,LDE,-16,15,NI,UKN,66926,101534
N06000007,Fermanagh and South Tyrone,Fer,-17,13,NI,UKN,70108,107878
N06000008,Foyle,Foy,-17,15,NI,UKN,70036,103075
N06000009,Lagan Valley,Lag,-15,12,NI,UKN,71152,107881
N06000010,Mid Ulster,UlM,-16,14,NI,UKN,67832,103611
N06000011,Newry and Armagh,New,-15,11,NI,UKN,77633,119091
N06000012,North Antrim,AnN,-15,15,NI,UKN,75876,111886
N06000013,North Down,DoN,-13,14,NI,UKN,64207,91330
N06000014,South Antrim,AnS,-15,14,NI,UKN,67425,102756
N06000015,South Down,DoS,-13,12,NI,UKN,75220,112809
N06000016,Strangford,Str,-13,13,NI,UKN,64289,91308
N06000017,Upper Bann,Ban,-16,12,NI,UKN,80060,126134
N06000018,West Tyrone,TyW,-17,14,NI,UKN,63856,92910
S14000001,Aberdeen North,AbN,-4,25,SC,UKM,67745,100606
S14000002,Aberdeen South,AbS,-3,24,SC,UKM,68056,97610
S14000003,Airdrie and Shotts,Air,-7,20,SC,UKM,66792,87809
S14000004,Angus,Ang,-5,23,SC,UKM,65792,86637
S14000005,Argyll and Bute,Arg,-8,23,SC,UKM,68875,87660
S14000006,"Ayr, Carrick and Cumnock",Ayr,-8,16,SC,UKM,72995,92472
S14000007,Banff and Buchan,Ban,-5,24,SC,UKM,68609,92185
S14000008,"Berwickshire, Roxburgh and Selkirk",Ber,-5,17,SC,UKM,74214,94586
S14000009,"Caithness, Sutherland and Easter Ross",Cai,-6,26,SC,UKM,47558,61311
S14000010,Central Ayrshire,AyC,-10,17,SC,UKM,70021,88413
S14000011,"Coatbridge, Chryston and Bellshill",Coa,-8,20,SC,UKM,73894,96764
S14000012,"Cumbernauld, Kilsyth and Kirkintilloch East",Cum,-8,21,SC,UKM,67088,85602
S14000013,Dumfries and Galloway,DuG,-6,16,SC,UKM,75249,94932
S14000014,"Dumfriesshire, Clydesdale and Tweeddale",Dum,-5,16,SC,UKM,68483,86993
S14000015,Dundee East,DnE,-5,22,SC,UKM,67822,90377
S14000016,Dundee West,DnW,-6,23,SC,UKM,65927,87906
S14000017,Dunfermline and West Fife,Dun,-6,21,SC,UKM,78037,99724
S14000018,East Dunbartonshire,DnE,-8,22,SC,UKM,66966,82662
S14000019,"East Kilbride, Strathaven and Lesmahagow",KlE,-8,17,SC,UKM,83205,99275
S14000020,East Lothian,LoE,-4,18,SC,UKM,79481,102050
S14000021,East Renfrewshire,RnE,-10,18,SC,UKM,69982,92380
S14000022,Edinburgh East,EdE,-5,19,SC,UKM,67141,96872
S14000023,Edinburgh North and Leith,EdN,-6,19,SC,UKM,80910,111065
S14000024,Edinburgh South,EdS,-5,18,SC,UKM,65801,88728
S14000025,Edinburgh South West,ESW,-6,18,SC,UKM,72149,101284
S14000026,Edinburgh West,EdW,-7,19,SC,UKM,71717,94731
S14000027,Na h-Eileanan an Iar,NaI,-8,26,SC,UKM,21769,27250
S14000028,Falkirk,Fal,-7,21,SC,UKM,83380,111872
S14000029,Glasgow Central,GlC,-9,19,SC,UKM,70945,91166
S14000030,Glasgow East,GlE,-8,18,SC,UKM,70378,89140
S14000031,Glasgow North,GlN,-9,20,SC,UKM,60169,71997
S14000032,Glasgow North East,GNE,-9,21,SC,UKM,66678,85826
S14000033,Glasgow North West,GNW,-10,21,SC,UKM,68418,87060
S14000034,Glasgow South,GlS,-9,18,SC,UKM,74051,88617
S14000035,Glasgow South West,GSW,-10,19,SC,UKM,66209,85844
S14000036,Glenrothes,Gle,-4,22,SC,UKM,69781,89042
S14000037,Gordon,Gor,-5,25,SC,UKM,79393,102856
S14000038,Inverclyde,Inc,-11,21,SC,UKM,59350,79860
S14000039,"Inverness, Nairn, Badenoch and Strathspey",Inv,-7,25,SC,UKM,77628,103356
S14000040,Kilmarnock and Loudoun,Kil,-7,16,SC,UKM,75250,96159
S14000041,Kirkcaldy and Cowdenbeath,Kir,-5,21,SC,UKM,75941,97838
S14000042,Lanark and Hamilton East,Lan,-7,17,SC,UKM,79962,98138
S14000043,Linlithgow and East Falkirk,Lin,-6,20,SC,UKM,86955,114250
S14000044,Livingston,Liv,-7,18,SC,UKM,82373,108668
S14000045,Midlothian,Mid,-6,17,SC,UKM,67875,86210
S14000046,Moray,Mor,-6,24,SC,UKM,71685,94750
S14000047,Motherwell and Wishaw,Mot,-8,19,SC,UKM,70283,91843
S14000048,North Ayrshire and Arran,AyN,-11,18,SC,UKM,75791,94066
S14000049,North East Fife,FNE,-4,23,SC,UKM,62003,80656
S14000050,Ochil and South Perthshire,Och,-6,22,SC,UKM,77370,101185
S14000051,Orkney and Shetland,Ork,-5,28,SC,UKM,34552,44820
S14000052,Paisley and Renfrewshire North,PaN,-10,20,SC,UKM,66206,88981
S14000053,Paisley and Renfrewshire South,PaS,-11,19,SC,UKM,61281,85249
S14000054,Perth and North Perthshire,Per,-7,23,SC,UKM,72459,98885
S14000055,"Ross, Skye and Lochaber",Ros,-7,24,SC,UKM,54169,68433
S14000056,Rutherglen and Hamilton West,Rut,-9,17,SC,UKM,82830,105406
S14000057,Stirling,Sti,-7,22,SC,UKM,67236,91580
S14000058,West Aberdeenshire and Kincardine,AbW,-4,24,SC,UKM,73445,96233
S14000059,West Dunbartonshire,DnW,-9,22,SC,UKM,69208,89730
W07000041,Ynys Môn,YnM,-14,1,WA,UKL,49939,69794
W07000042,Delyn,Del,-11,1,WA,UKL,53639,69801
W07000043,Alyn and Deeside,Aly,-10,1,WA,UKL,62016,85354
W07000044,Wrexham,Wre,-9,0,WA,UKL,50992,70655
W07000045,Llanelli,Lla,-14,-8,WA,UKL,59314,82826
W07000046,Gower,Gow,-14,-9,WA,UKL,61820,79176
W07000047,Swansea West,SwW,-13,-8,WA,UKL,58776,83573
W07000048,Swansea East,SwE,-13,-7,WA,UKL,58011,82731
W07000049,Aberavon,Aba,-12,-8,WA,UKL,49821,68203
W07000050,Cardiff Central,CaC,-9,-8,WA,UKL,57456,93276
W07000051,Cardiff North,CaN,-10,-7,WA,UKL,67196,90507
W07000052,Rhondda,Rho,-11,-6,WA,UKL,51811,69278
W07000053,Torfaen,Tor,-9,-5,WA,UKL,61896,82378
W07000054,Monmouth,Mon,-8,-5,WA,UKL,62248,85613
W07000055,Newport East,NwE ,-8,-6,WA,UKL,56015,81090
W07000056,Newport West,NwW ,-9,-7,WA,UKL,62137,88258
W07000057,Arfon,Arf,-13,-1,WA,UKL,40492,62304
W07000058,Aberconwy,Abe,-12,0,WA,UKL,45525,58941
W07000059,Clwyd West,Clw,-11,0,WA,UKL,58644,73371
W07000060,Vale of Clwyd,VoC,-10,0,WA,UKL,56505,72026
W07000061,Dwyfor Meirionnydd,Dwy,-12,-1,WA,UKL,44394,61438
W07000062,Clwyd South,ClS,-10,-1,WA,UKL,54996,72600
W07000063,Montgomeryshire,Mon,-11,-1,WA,UKL,48690,63271
W07000064,Ceredigion,Cer,-12,-6,WA,UKL,54242,73076
W07000065,Preseli Pembrokeshire,Pre,-15,-7,WA,UKL,57291,78902
W07000066,Carmarthen West and South Pembrokeshire,CaW,-15,-8,WA,UKL,57755,77544
W07000067,Carmarthen East and Dinefwr,CaE,-14,-7,WA,UKL,55750,71891
W07000068,Brecon and Radnorshire,Bre,-9,-2,WA,UKL,54441,69244
W07000069,Neath,Nea,-12,-7,WA,UKL,56097,73887
W07000070,Cynon Valley,Cyn,-10,-5,WA,UKL,51422,70673
W07000071,Merthyr Tydfil and Rhymney,Mer,-9,-4,WA,UKL,61716,76168
W07000072,Blaenau Gwent,Bla,-9,-3,WA,UKL,51335,69609
W07000073,Bridgend,Bri,-12,-9,WA,UKL,59998,83796
W07000074,Ogmore,Ogm,-11,-8,WA,UKL,55572,77515
W07000075,Pontypridd,Pon,-11,-7,WA,UKL,58940,82153
W07000076,Caerphilly,Cae,-10,-6,WA,UKL,63603,88129
W07000077,Islwyn,Isl,-9,-6,WA,UKL,55697,76451
W07000078,Vale of Glamorgan,Gla,-11,-9,WA,UKL,72794,100945
W07000079,Cardiff West,CaW,-10,-8,WA,UKL,66762,93312
W07000080,Cardiff South and Penarth,CaS,-10,-9,WA,UKL,76006,115406